{
    "edges": [
        [
            1, 
            0
        ], 
        [
            1, 
            2
        ], 
        [
            1, 
            3
        ], 
        [
            3, 
            4
        ], 
        [
            5, 
            0
        ], 
        [
            5, 
            6
        ], 
        [
            5, 
            7
        ], 
        [
            5, 
            8
        ], 
        [
            8, 
            9
        ], 
        [
            5, 
            10
        ], 
        [
            10, 
            11
        ], 
        [
            12, 
            0
        ], 
        [
            12, 
            13
        ], 
        [
            12, 
            14
        ], 
        [
            12, 
            15
        ], 
        [
            16, 
            0
        ], 
        [
            17, 
            0
        ], 
        [
            18, 
            0
        ], 
        [
            18, 
            19
        ], 
        [
            19, 
            20
        ], 
        [
            18, 
            21
        ], 
        [
            21, 
            20
        ], 
        [
            18, 
            22
        ], 
        [
            22, 
            20
        ], 
        [
            18, 
            23
        ], 
        [
            23, 
            20
        ], 
        [
            18, 
            24
        ], 
        [
            24, 
            20
        ], 
        [
            25, 
            0
        ], 
        [
            25, 
            26
        ], 
        [
            1, 
            5
        ], 
        [
            1, 
            12
        ], 
        [
            1, 
            27
        ], 
        [
            5, 
            16
        ], 
        [
            5, 
            17
        ], 
        [
            5, 
            28
        ], 
        [
            12, 
            18
        ], 
        [
            12, 
            25
        ], 
        [
            16, 
            29
        ], 
        [
            16, 
            30
        ], 
        [
            16, 
            31
        ], 
        [
            17, 
            16
        ], 
        [
            17, 
            32
        ], 
        [
            17, 
            33
        ], 
        [
            25, 
            34
        ], 
        [
            25, 
            18
        ], 
        [
            25, 
            35
        ]
    ], 
    "features": {
        "0": [
            "publisher"
        ], 
        "1": [
            "article"
        ], 
        "10": [
            "quote"
        ], 
        "11": [
            "person"
        ], 
        "12": [
            "article"
        ], 
        "13": [
            "quote"
        ], 
        "14": [
            "quote"
        ], 
        "15": [
            "quote"
        ], 
        "16": [
            "article"
        ], 
        "17": [
            "article"
        ], 
        "18": [
            "article"
        ], 
        "19": [
            "quote"
        ], 
        "2": [
            "quote"
        ], 
        "20": [
            "person"
        ], 
        "21": [
            "quote"
        ], 
        "22": [
            "quote"
        ], 
        "23": [
            "quote"
        ], 
        "24": [
            "quote"
        ], 
        "25": [
            "article"
        ], 
        "26": [
            "quote"
        ], 
        "27": [
            "government"
        ], 
        "28": [
            "reference"
        ], 
        "29": [
            "article"
        ], 
        "3": [
            "quote"
        ], 
        "30": [
            "article"
        ], 
        "31": [
            "reference"
        ], 
        "32": [
            "reference"
        ], 
        "33": [
            "reference"
        ], 
        "34": [
            "article"
        ], 
        "35": [
            "article"
        ], 
        "4": [
            "person"
        ], 
        "5": [
            "article"
        ], 
        "6": [
            "quote"
        ], 
        "7": [
            "quote"
        ], 
        "8": [
            "quote"
        ], 
        "9": [
            "person"
        ]
    }, 
    "label": 0
}