{
    "edges": [
        [
            2, 
            1
        ], 
        [
            2, 
            3
        ], 
        [
            3, 
            0
        ], 
        [
            2, 
            4
        ], 
        [
            4, 
            5
        ]
    ], 
    "features": {
        "0": [
            "person"
        ], 
        "1": [
            "publisher"
        ], 
        "2": [
            "article"
        ], 
        "3": [
            "quote"
        ], 
        "4": [
            "quote"
        ], 
        "5": [
            "person"
        ]
    }, 
    "label": 1
}