{
    "edges": [
        [
            0, 
            1
        ], 
        [
            0, 
            2
        ], 
        [
            0, 
            3
        ], 
        [
            3, 
            4
        ]
    ], 
    "features": {
        "0": [
            "article"
        ], 
        "1": [
            "publisher"
        ], 
        "2": [
            "person"
        ], 
        "3": [
            "quote"
        ], 
        "4": [
            "person"
        ]
    }, 
    "label": 1
}