{
    "edges": [
        [
            12, 
            5
        ], 
        [
            12, 
            9
        ], 
        [
            12, 
            13
        ], 
        [
            12, 
            14
        ], 
        [
            14, 
            0
        ], 
        [
            15, 
            4
        ], 
        [
            15, 
            16
        ], 
        [
            15, 
            17
        ], 
        [
            15, 
            18
        ], 
        [
            15, 
            19
        ], 
        [
            20, 
            6
        ], 
        [
            20, 
            9
        ], 
        [
            20, 
            21
        ], 
        [
            21, 
            3
        ], 
        [
            53, 
            37
        ], 
        [
            20, 
            22
        ], 
        [
            23, 
            54
        ], 
        [
            22, 
            3
        ], 
        [
            54, 
            37
        ], 
        [
            23, 
            2
        ], 
        [
            23, 
            55
        ], 
        [
            55, 
            37
        ], 
        [
            23, 
            24
        ], 
        [
            23, 
            56
        ], 
        [
            23, 
            25
        ], 
        [
            23, 
            57
        ], 
        [
            23, 
            58
        ], 
        [
            23, 
            26
        ], 
        [
            23, 
            59
        ], 
        [
            23, 
            27
        ], 
        [
            59, 
            37
        ], 
        [
            23, 
            60
        ], 
        [
            23, 
            28
        ], 
        [
            60, 
            37
        ], 
        [
            23, 
            29
        ], 
        [
            23, 
            61
        ], 
        [
            61, 
            1
        ], 
        [
            23, 
            30
        ], 
        [
            23, 
            62
        ], 
        [
            23, 
            31
        ], 
        [
            62, 
            37
        ], 
        [
            63, 
            8
        ], 
        [
            23, 
            32
        ], 
        [
            63, 
            64
        ], 
        [
            32, 
            0
        ], 
        [
            63, 
            65
        ], 
        [
            63, 
            66
        ], 
        [
            23, 
            33
        ], 
        [
            63, 
            67
        ], 
        [
            63, 
            68
        ], 
        [
            23, 
            34
        ], 
        [
            63, 
            69
        ], 
        [
            23, 
            35
        ], 
        [
            63, 
            70
        ], 
        [
            63, 
            32
        ], 
        [
            23, 
            36
        ], 
        [
            32, 
            71
        ], 
        [
            36, 
            37
        ], 
        [
            63, 
            72
        ], 
        [
            23, 
            38
        ], 
        [
            72, 
            73
        ], 
        [
            63, 
            74
        ], 
        [
            23, 
            39
        ], 
        [
            74, 
            73
        ], 
        [
            63, 
            75
        ], 
        [
            23, 
            40
        ], 
        [
            75, 
            76
        ], 
        [
            40, 
            37
        ], 
        [
            63, 
            14
        ], 
        [
            14, 
            77
        ], 
        [
            23, 
            41
        ], 
        [
            63, 
            78
        ], 
        [
            78, 
            77
        ], 
        [
            41, 
            37
        ], 
        [
            63, 
            79
        ], 
        [
            23, 
            42
        ], 
        [
            79, 
            77
        ], 
        [
            12, 
            15
        ], 
        [
            42, 
            37
        ], 
        [
            12, 
            20
        ], 
        [
            12, 
            23
        ], 
        [
            23, 
            43
        ], 
        [
            12, 
            63
        ], 
        [
            23, 
            44
        ], 
        [
            12, 
            11
        ], 
        [
            12, 
            80
        ], 
        [
            12, 
            7
        ], 
        [
            23, 
            45
        ], 
        [
            12, 
            81
        ], 
        [
            23, 
            46
        ], 
        [
            20, 
            10
        ], 
        [
            20, 
            11
        ], 
        [
            23, 
            47
        ], 
        [
            20, 
            7
        ], 
        [
            23, 
            82
        ], 
        [
            23, 
            48
        ], 
        [
            23, 
            80
        ], 
        [
            23, 
            49
        ], 
        [
            23, 
            83
        ], 
        [
            23, 
            84
        ], 
        [
            23, 
            50
        ], 
        [
            23, 
            85
        ], 
        [
            50, 
            37
        ], 
        [
            23, 
            51
        ], 
        [
            51, 
            37
        ], 
        [
            23, 
            52
        ], 
        [
            52, 
            37
        ], 
        [
            23, 
            53
        ]
    ], 
    "features": {
        "0": [
            "person"
        ], 
        "1": [
            "person"
        ], 
        "10": [
            "reference"
        ], 
        "11": [
            "reference"
        ], 
        "12": [
            "article"
        ], 
        "13": [
            "quote"
        ], 
        "14": [
            "quote"
        ], 
        "15": [
            "article"
        ], 
        "16": [
            "person"
        ], 
        "17": [
            "person"
        ], 
        "18": [
            "person"
        ], 
        "19": [
            "quote"
        ], 
        "2": [
            "publisher"
        ], 
        "20": [
            "article"
        ], 
        "21": [
            "quote"
        ], 
        "22": [
            "quote"
        ], 
        "23": [
            "article"
        ], 
        "24": [
            "person"
        ], 
        "25": [
            "person"
        ], 
        "26": [
            "quote"
        ], 
        "27": [
            "quote"
        ], 
        "28": [
            "quote"
        ], 
        "29": [
            "quote"
        ], 
        "3": [
            "person"
        ], 
        "30": [
            "quote"
        ], 
        "31": [
            "quote"
        ], 
        "32": [
            "quote"
        ], 
        "33": [
            "quote"
        ], 
        "34": [
            "quote"
        ], 
        "35": [
            "quote"
        ], 
        "36": [
            "quote"
        ], 
        "37": [
            "person"
        ], 
        "38": [
            "quote"
        ], 
        "39": [
            "quote"
        ], 
        "4": [
            "publisher"
        ], 
        "40": [
            "quote"
        ], 
        "41": [
            "quote"
        ], 
        "42": [
            "quote"
        ], 
        "43": [
            "quote"
        ], 
        "44": [
            "quote"
        ], 
        "45": [
            "quote"
        ], 
        "46": [
            "quote"
        ], 
        "47": [
            "quote"
        ], 
        "48": [
            "quote"
        ], 
        "49": [
            "quote"
        ], 
        "5": [
            "publisher"
        ], 
        "50": [
            "quote"
        ], 
        "51": [
            "quote"
        ], 
        "52": [
            "quote"
        ], 
        "53": [
            "quote"
        ], 
        "54": [
            "quote"
        ], 
        "55": [
            "quote"
        ], 
        "56": [
            "quote"
        ], 
        "57": [
            "quote"
        ], 
        "58": [
            "quote"
        ], 
        "59": [
            "quote"
        ], 
        "6": [
            "publisher"
        ], 
        "60": [
            "quote"
        ], 
        "61": [
            "quote"
        ], 
        "62": [
            "quote"
        ], 
        "63": [
            "article"
        ], 
        "64": [
            "person"
        ], 
        "65": [
            "person"
        ], 
        "66": [
            "person"
        ], 
        "67": [
            "person"
        ], 
        "68": [
            "person"
        ], 
        "69": [
            "person"
        ], 
        "7": [
            "reference"
        ], 
        "70": [
            "person"
        ], 
        "71": [
            "person"
        ], 
        "72": [
            "quote"
        ], 
        "73": [
            "person"
        ], 
        "74": [
            "quote"
        ], 
        "75": [
            "quote"
        ], 
        "76": [
            "person"
        ], 
        "77": [
            "person"
        ], 
        "78": [
            "quote"
        ], 
        "79": [
            "quote"
        ], 
        "8": [
            "publisher"
        ], 
        "80": [
            "reference"
        ], 
        "81": [
            "reference"
        ], 
        "82": [
            "article"
        ], 
        "83": [
            "reference"
        ], 
        "84": [
            "reference"
        ], 
        "85": [
            "reference"
        ], 
        "9": [
            "person"
        ]
    }, 
    "label": 0
}