{
    "edges": [
        [
            2, 
            0
        ], 
        [
            2, 
            1
        ], 
        [
            2, 
            3
        ], 
        [
            3, 
            4
        ], 
        [
            2, 
            5
        ], 
        [
            5, 
            4
        ], 
        [
            2, 
            6
        ], 
        [
            2, 
            7
        ], 
        [
            2, 
            8
        ], 
        [
            2, 
            9
        ], 
        [
            9, 
            10
        ], 
        [
            2, 
            11
        ], 
        [
            11, 
            10
        ], 
        [
            2, 
            12
        ], 
        [
            12, 
            10
        ], 
        [
            13, 
            14
        ], 
        [
            13, 
            15
        ], 
        [
            13, 
            16
        ], 
        [
            13, 
            17
        ], 
        [
            13, 
            18
        ], 
        [
            13, 
            19
        ], 
        [
            13, 
            20
        ], 
        [
            13, 
            21
        ], 
        [
            13, 
            22
        ], 
        [
            13, 
            23
        ], 
        [
            13, 
            12
        ], 
        [
            2, 
            13
        ]
    ], 
    "features": {
        "0": [
            "publisher"
        ], 
        "1": [
            "person"
        ], 
        "10": [
            "person"
        ], 
        "11": [
            "quote"
        ], 
        "12": [
            "quote"
        ], 
        "13": [
            "article"
        ], 
        "14": [
            "publisher"
        ], 
        "15": [
            "person"
        ], 
        "16": [
            "person"
        ], 
        "17": [
            "person"
        ], 
        "18": [
            "person"
        ], 
        "19": [
            "person"
        ], 
        "2": [
            "article"
        ], 
        "20": [
            "quote"
        ], 
        "21": [
            "quote"
        ], 
        "22": [
            "quote"
        ], 
        "23": [
            "quote"
        ], 
        "3": [
            "quote"
        ], 
        "4": [
            "person"
        ], 
        "5": [
            "quote"
        ], 
        "6": [
            "quote"
        ], 
        "7": [
            "quote"
        ], 
        "8": [
            "quote"
        ], 
        "9": [
            "quote"
        ]
    }, 
    "label": 0
}