{
    "edges": [
        [
            5, 
            4
        ], 
        [
            5, 
            1
        ], 
        [
            5, 
            6
        ], 
        [
            6, 
            0
        ], 
        [
            5, 
            18
        ], 
        [
            5, 
            7
        ], 
        [
            7, 
            0
        ], 
        [
            5, 
            8
        ], 
        [
            8, 
            0
        ], 
        [
            5, 
            9
        ], 
        [
            9, 
            2
        ], 
        [
            5, 
            10
        ], 
        [
            10, 
            0
        ], 
        [
            5, 
            11
        ], 
        [
            11, 
            0
        ], 
        [
            5, 
            12
        ], 
        [
            12, 
            0
        ], 
        [
            5, 
            13
        ], 
        [
            13, 
            0
        ], 
        [
            5, 
            14
        ], 
        [
            14, 
            3
        ], 
        [
            5, 
            15
        ], 
        [
            15, 
            0
        ], 
        [
            5, 
            16
        ], 
        [
            5, 
            17
        ]
    ], 
    "features": {
        "0": [
            "person"
        ], 
        "1": [
            "person"
        ], 
        "10": [
            "quote"
        ], 
        "11": [
            "quote"
        ], 
        "12": [
            "quote"
        ], 
        "13": [
            "quote"
        ], 
        "14": [
            "quote"
        ], 
        "15": [
            "quote"
        ], 
        "16": [
            "quote"
        ], 
        "17": [
            "quote"
        ], 
        "18": [
            "quote"
        ], 
        "2": [
            "person"
        ], 
        "3": [
            "person"
        ], 
        "4": [
            "publisher"
        ], 
        "5": [
            "article"
        ], 
        "6": [
            "quote"
        ], 
        "7": [
            "quote"
        ], 
        "8": [
            "quote"
        ], 
        "9": [
            "quote"
        ]
    }, 
    "label": 1
}