{
    "edges": [
        [
            2, 
            0
        ], 
        [
            2, 
            3
        ], 
        [
            2, 
            4
        ], 
        [
            4, 
            5
        ], 
        [
            2, 
            6
        ], 
        [
            6, 
            7
        ], 
        [
            2, 
            8
        ], 
        [
            8, 
            7
        ], 
        [
            2, 
            9
        ], 
        [
            9, 
            10
        ], 
        [
            2, 
            1
        ]
    ], 
    "features": {
        "0": [
            "publisher"
        ], 
        "1": [
            "reference"
        ], 
        "10": [
            "person"
        ], 
        "2": [
            "article"
        ], 
        "3": [
            "person"
        ], 
        "4": [
            "quote"
        ], 
        "5": [
            "person"
        ], 
        "6": [
            "quote"
        ], 
        "7": [
            "person"
        ], 
        "8": [
            "quote"
        ], 
        "9": [
            "quote"
        ]
    }, 
    "label": 0
}