{
    "edges": [
        [
            47, 
            1
        ], 
        [
            47, 
            2
        ], 
        [
            47, 
            48
        ], 
        [
            48, 
            49
        ], 
        [
            47, 
            50
        ], 
        [
            47, 
            51
        ], 
        [
            47, 
            52
        ], 
        [
            52, 
            49
        ], 
        [
            47, 
            53
        ], 
        [
            53, 
            49
        ], 
        [
            54, 
            1
        ], 
        [
            54, 
            2
        ], 
        [
            54, 
            55
        ], 
        [
            54, 
            56
        ], 
        [
            54, 
            57
        ], 
        [
            57, 
            0
        ], 
        [
            54, 
            58
        ], 
        [
            54, 
            59
        ], 
        [
            12, 
            1
        ], 
        [
            12, 
            2
        ], 
        [
            12, 
            8
        ], 
        [
            8, 
            3
        ], 
        [
            12, 
            9
        ], 
        [
            9, 
            5
        ], 
        [
            60, 
            61
        ], 
        [
            60, 
            62
        ], 
        [
            41, 
            2
        ], 
        [
            60, 
            63
        ], 
        [
            63, 
            64
        ], 
        [
            15, 
            1
        ], 
        [
            15, 
            2
        ], 
        [
            15, 
            44
        ], 
        [
            47, 
            54
        ], 
        [
            47, 
            12
        ], 
        [
            44, 
            7
        ], 
        [
            47, 
            60
        ], 
        [
            54, 
            12
        ], 
        [
            15, 
            16
        ], 
        [
            54, 
            46
        ], 
        [
            16, 
            17
        ], 
        [
            12, 
            15
        ], 
        [
            12, 
            31
        ], 
        [
            15, 
            18
        ], 
        [
            12, 
            32
        ], 
        [
            18, 
            17
        ], 
        [
            12, 
            41
        ], 
        [
            60, 
            14
        ], 
        [
            15, 
            19
        ], 
        [
            60, 
            65
        ], 
        [
            19, 
            7
        ], 
        [
            60, 
            66
        ], 
        [
            15, 
            42
        ], 
        [
            15, 
            20
        ], 
        [
            31, 
            32
        ], 
        [
            15, 
            45
        ], 
        [
            31, 
            43
        ], 
        [
            32, 
            6
        ], 
        [
            45, 
            10
        ], 
        [
            32, 
            13
        ], 
        [
            15, 
            21
        ], 
        [
            41, 
            12
        ], 
        [
            41, 
            32
        ], 
        [
            15, 
            22
        ], 
        [
            41, 
            31
        ], 
        [
            15, 
            23
        ], 
        [
            15, 
            24
        ], 
        [
            15, 
            25
        ], 
        [
            15, 
            26
        ], 
        [
            26, 
            27
        ], 
        [
            15, 
            28
        ], 
        [
            28, 
            4
        ], 
        [
            15, 
            29
        ], 
        [
            29, 
            4
        ], 
        [
            15, 
            30
        ], 
        [
            30, 
            4
        ], 
        [
            31, 
            1
        ], 
        [
            31, 
            11
        ], 
        [
            32, 
            1
        ], 
        [
            32, 
            11
        ], 
        [
            32, 
            33
        ], 
        [
            32, 
            34
        ], 
        [
            32, 
            35
        ], 
        [
            32, 
            36
        ], 
        [
            36, 
            4
        ], 
        [
            32, 
            37
        ], 
        [
            32, 
            38
        ], 
        [
            32, 
            39
        ], 
        [
            32, 
            40
        ], 
        [
            40, 
            4
        ], 
        [
            41, 
            1
        ]
    ], 
    "features": {
        "0": [
            "person"
        ], 
        "1": [
            "publisher"
        ], 
        "10": [
            "person"
        ], 
        "11": [
            "person"
        ], 
        "12": [
            "article"
        ], 
        "13": [
            "article"
        ], 
        "14": [
            "reference"
        ], 
        "15": [
            "article"
        ], 
        "16": [
            "quote"
        ], 
        "17": [
            "person"
        ], 
        "18": [
            "quote"
        ], 
        "19": [
            "quote"
        ], 
        "2": [
            "person"
        ], 
        "20": [
            "quote"
        ], 
        "21": [
            "quote"
        ], 
        "22": [
            "quote"
        ], 
        "23": [
            "quote"
        ], 
        "24": [
            "quote"
        ], 
        "25": [
            "quote"
        ], 
        "26": [
            "quote"
        ], 
        "27": [
            "person"
        ], 
        "28": [
            "quote"
        ], 
        "29": [
            "quote"
        ], 
        "3": [
            "person"
        ], 
        "30": [
            "quote"
        ], 
        "31": [
            "article"
        ], 
        "32": [
            "article"
        ], 
        "33": [
            "quote"
        ], 
        "34": [
            "quote"
        ], 
        "35": [
            "quote"
        ], 
        "36": [
            "quote"
        ], 
        "37": [
            "quote"
        ], 
        "38": [
            "quote"
        ], 
        "39": [
            "quote"
        ], 
        "4": [
            "person"
        ], 
        "40": [
            "quote"
        ], 
        "41": [
            "article"
        ], 
        "42": [
            "article"
        ], 
        "43": [
            "article"
        ], 
        "44": [
            "quote"
        ], 
        "45": [
            "quote"
        ], 
        "46": [
            "reference"
        ], 
        "47": [
            "article"
        ], 
        "48": [
            "quote"
        ], 
        "49": [
            "person"
        ], 
        "5": [
            "person"
        ], 
        "50": [
            "quote"
        ], 
        "51": [
            "quote"
        ], 
        "52": [
            "quote"
        ], 
        "53": [
            "quote"
        ], 
        "54": [
            "article"
        ], 
        "55": [
            "quote"
        ], 
        "56": [
            "quote"
        ], 
        "57": [
            "quote"
        ], 
        "58": [
            "quote"
        ], 
        "59": [
            "quote"
        ], 
        "6": [
            "article"
        ], 
        "60": [
            "article"
        ], 
        "61": [
            "publisher"
        ], 
        "62": [
            "person"
        ], 
        "63": [
            "quote"
        ], 
        "64": [
            "person"
        ], 
        "65": [
            "reference"
        ], 
        "66": [
            "government"
        ], 
        "7": [
            "person"
        ], 
        "8": [
            "quote"
        ], 
        "9": [
            "quote"
        ]
    }, 
    "label": 0
}