{
    "edges": [
        [
            22, 
            28
        ], 
        [
            22, 
            0
        ], 
        [
            22, 
            23
        ], 
        [
            22, 
            24
        ], 
        [
            22, 
            25
        ], 
        [
            22, 
            34
        ], 
        [
            25, 
            3
        ], 
        [
            22, 
            26
        ], 
        [
            6, 
            17
        ], 
        [
            26, 
            27
        ], 
        [
            6, 
            21
        ], 
        [
            6, 
            19
        ], 
        [
            6, 
            0
        ], 
        [
            6, 
            18
        ], 
        [
            6, 
            7
        ], 
        [
            6, 
            20
        ], 
        [
            6, 
            8
        ], 
        [
            6, 
            9
        ], 
        [
            28, 
            45
        ], 
        [
            6, 
            10
        ], 
        [
            10, 
            11
        ], 
        [
            28, 
            46
        ], 
        [
            6, 
            12
        ], 
        [
            12, 
            11
        ], 
        [
            34, 
            42
        ], 
        [
            6, 
            13
        ], 
        [
            13, 
            11
        ], 
        [
            34, 
            47
        ], 
        [
            34, 
            48
        ], 
        [
            6, 
            14
        ], 
        [
            34, 
            49
        ], 
        [
            6, 
            4
        ], 
        [
            6, 
            5
        ], 
        [
            6, 
            15
        ], 
        [
            6, 
            16
        ], 
        [
            28, 
            29
        ], 
        [
            28, 
            30
        ], 
        [
            28, 
            31
        ], 
        [
            28, 
            32
        ], 
        [
            28, 
            1
        ], 
        [
            28, 
            33
        ], 
        [
            34, 
            2
        ], 
        [
            34, 
            35
        ], 
        [
            34, 
            36
        ], 
        [
            34, 
            37
        ], 
        [
            34, 
            38
        ], 
        [
            34, 
            39
        ], 
        [
            34, 
            40
        ], 
        [
            34, 
            41
        ], 
        [
            42, 
            2
        ], 
        [
            42, 
            43
        ], 
        [
            42, 
            44
        ], 
        [
            22, 
            6
        ], 
        [
            34, 
            50
        ], 
        [
            42, 
            51
        ], 
        [
            42, 
            52
        ], 
        [
            42, 
            53
        ], 
        [
            42, 
            54
        ]
    ], 
    "features": {
        "0": [
            "publisher"
        ], 
        "1": [
            "person"
        ], 
        "10": [
            "quote"
        ], 
        "11": [
            "person"
        ], 
        "12": [
            "quote"
        ], 
        "13": [
            "quote"
        ], 
        "14": [
            "quote"
        ], 
        "15": [
            "quote"
        ], 
        "16": [
            "quote"
        ], 
        "17": [
            "reference"
        ], 
        "18": [
            "reference"
        ], 
        "19": [
            "reference"
        ], 
        "2": [
            "publisher"
        ], 
        "20": [
            "reference"
        ], 
        "21": [
            "reference"
        ], 
        "22": [
            "article"
        ], 
        "23": [
            "person"
        ], 
        "24": [
            "quote"
        ], 
        "25": [
            "quote"
        ], 
        "26": [
            "quote"
        ], 
        "27": [
            "person"
        ], 
        "28": [
            "article"
        ], 
        "29": [
            "publisher"
        ], 
        "3": [
            "person"
        ], 
        "30": [
            "person"
        ], 
        "31": [
            "person"
        ], 
        "32": [
            "person"
        ], 
        "33": [
            "person"
        ], 
        "34": [
            "article"
        ], 
        "35": [
            "quote"
        ], 
        "36": [
            "quote"
        ], 
        "37": [
            "quote"
        ], 
        "38": [
            "quote"
        ], 
        "39": [
            "quote"
        ], 
        "4": [
            "quote"
        ], 
        "40": [
            "quote"
        ], 
        "41": [
            "quote"
        ], 
        "42": [
            "article"
        ], 
        "43": [
            "quote"
        ], 
        "44": [
            "quote"
        ], 
        "45": [
            "reference"
        ], 
        "46": [
            "government"
        ], 
        "47": [
            "reference"
        ], 
        "48": [
            "reference"
        ], 
        "49": [
            "reference"
        ], 
        "5": [
            "quote"
        ], 
        "50": [
            "reference"
        ], 
        "51": [
            "article"
        ], 
        "52": [
            "reference"
        ], 
        "53": [
            "reference"
        ], 
        "54": [
            "reference"
        ], 
        "6": [
            "article"
        ], 
        "7": [
            "person"
        ], 
        "8": [
            "quote"
        ], 
        "9": [
            "quote"
        ]
    }, 
    "label": 1
}